codigo_municipio,anio,num_viviendas,num_empresas,isla,municipio,poblacion_total,edad_media,pct_extranjeros,pct_mayores_65,indice_dependencia,superficie_km2,poblacion_0_14,poblacion_15_64,poblacion_65_mas,poblacion_activa_total,asalariados_total,salario_medio_total,poblacion_activa_hombres,poblacion_activa_mujeres,asalariados_hombres,asalariados_mujeres
35001,2012,6.0,286.0,2,0,5633.0,46.4103,6.5507,20.6462,43.5525,4451.16,546.0,3924.0,1163.0,2710,1864,85.57,1404,1306,961,902
35001,2013,0.0,315.0,2,0,5633.0,46.4103,6.5507,20.6462,43.5525,4451.16,546.0,3924.0,1163.0,2710,1864,85.57,1404,1306,961,902
35001,2014,0.0,329.0,2,0,5633.0,46.4103,6.5507,20.6462,43.5525,4451.16,546.0,3924.0,1163.0,2710,1864,85.57,1404,1306,961,902
35001,2015,0.0,175.0,2,0,5633.0,46.4103,6.5507,20.6462,43.5525,4451.16,546.0,3924.0,1163.0,2710,1864,85.57,1404,1306,961,902
35002,2012,36.0,3237.0,2,1,32067.0,41.1586,6.7951,12.6859,36.2929,7889.72,4471.0,23528.0,4068.0,17547,13282,88.51,8974,8573,6799,6483
35002,2013,22.0,3149.0,2,1,32067.0,41.1586,6.7951,12.6859,36.2929,7889.72,4471.0,23528.0,4068.0,17547,13282,88.51,8974,8573,6799,6483
35002,2014,36.0,3112.0,2,1,32067.0,41.1586,6.7951,12.6859,36.2929,7889.72,4471.0,23528.0,4068.0,17547,13282,88.51,8974,8573,6799,6483
35002,2015,12.0,1599.0,2,1,32067.0,41.1586,6.7951,12.6859,36.2929,7889.72,4471.0,23528.0,4068.0,17547,13282,88.51,8974,8573,6799,6483
35003,2012,0.0,1123.0,1,2,12940.0,44.1134,44.0417,17.0479,40.744,25024.8,1540.0,9194.0,2206.0,5853,4298,81.32,3116,2737,2270,2028
35003,2013,4.0,1038.0,1,2,12940.0,44.1134,44.0417,17.0479,40.744,25024.8,1540.0,9194.0,2206.0,5853,4298,81.32,3116,2737,2270,2028
35003,2014,0.0,1053.0,1,2,12940.0,44.1134,44.0417,17.0479,40.744,25024.8,1540.0,9194.0,2206.0,5853,4298,81.32,3116,2737,2270,2028
35003,2015,92.0,566.0,1,2,12940.0,44.1134,44.0417,17.0479,40.744,25024.8,1540.0,9194.0,2206.0,5853,4298,81.32,3116,2737,2270,2028
35004,2012,30.0,6671.0,5,3,63750.0,39.8835,18.8627,12.0941,36.4162,2427.54,9308.0,46732.0,7710.0,35956,29139,90.38,18414,17543,14948,14191
35004,2013,4.0,6619.0,5,3,63750.0,39.8835,18.8627,12.0941,36.4162,2427.54,9308.0,46732.0,7710.0,35956,29139,90.38,18414,17543,14948,14191
35004,2014,16.0,6681.0,5,3,63750.0,39.8835,18.8627,12.0941,36.4162,2427.54,9308.0,46732.0,7710.0,35956,29139,90.38,18414,17543,14948,14191
35004,2015,22.0,3401.0,5,3,63750.0,39.8835,18.8627,12.0941,36.4162,2427.54,9308.0,46732.0,7710.0,35956,29139,90.38,18414,17543,14948,14191
35005,2012,4.0,41.0,2,4,1030.0,51.6252,0.5825,27.5728,46.7236,6641.9,44.0,702.0,284.0,513,393,87.0,323,190,245,148
35005,2013,4.0,51.0,2,4,1030.0,51.6252,0.5825,27.5728,46.7236,6641.9,44.0,702.0,284.0,513,393,87.0,323,190,245,148
35005,2014,6.0,50.0,2,4,1030.0,51.6252,0.5825,27.5728,46.7236,6641.9,44.0,702.0,284.0,513,393,87.0,323,190,245,148
35005,2015,6.0,30.0,2,4,1030.0,51.6252,0.5825,27.5728,46.7236,6641.9,44.0,702.0,284.0,513,393,87.0,323,190,245,148
35006,2012,48.0,2127.0,2,5,38369.0,43.6024,2.416,16.396,40.038,3283.87,4679.0,27399.0,6291.0,20208,14863,88.43,10192,10016,7453,7410
35006,2013,10.0,2113.0,2,5,38369.0,43.6024,2.416,16.396,40.038,3283.87,4679.0,27399.0,6291.0,20208,14863,88.43,10192,10016,7453,7410
35006,2014,10.0,2121.0,2,5,38369.0,43.6024,2.416,16.396,40.038,3283.87,4679.0,27399.0,6291.0,20208,14863,88.43,10192,10016,7453,7410
35006,2015,10.0,1062.0,2,5,38369.0,43.6024,2.416,16.396,40.038,3283.87,4679.0,27399.0,6291.0,20208,14863,88.43,10192,10016,7453,7410
35007,2012,0.0,62.0,1,6,789.0,45.0919,19.2649,22.18,52.907,10370.9,98.0,516.0,175.0,379,297,85.69,216,163,170,127
35007,2013,0.0,65.0,1,6,789.0,45.0919,19.2649,22.18,52.907,10370.9,98.0,516.0,175.0,379,297,85.69,216,163,170,127
35007,2014,0.0,64.0,1,6,789.0,45.0919,19.2649,22.18,52.907,10370.9,98.0,516.0,175.0,379,297,85.69,216,163,170,127
35007,2015,4.0,32.0,1,6,789.0,45.0919,19.2649,22.18,52.907,10370.9,98.0,516.0,175.0,379,297,85.69,216,163,170,127
35008,2012,2.0,419.0,2,7,7581.0,44.6489,1.7016,17.4647,39.0499,1602.78,805.0,5452.0,1324.0,3969,2808,85.84,2079,1890,1485,1323
35008,2013,4.0,407.0,2,7,7581.0,44.6489,1.7016,17.4647,39.0499,1602.78,805.0,5452.0,1324.0,3969,2808,85.84,2079,1890,1485,1323
35008,2014,2.0,420.0,2,7,7581.0,44.6489,1.7016,17.4647,39.0499,1602.78,805.0,5452.0,1324.0,3969,2808,85.84,2079,1890,1485,1323
35008,2015,8.0,204.0,2,7,7581.0,44.6489,1.7016,17.4647,39.0499,1602.78,805.0,5452.0,1324.0,3969,2808,85.84,2079,1890,1485,1323
35009,2012,6.0,1729.0,2,8,24567.0,44.4258,2.772,18.3498,41.4254,6254.51,2688.0,17371.0,4508.0,12303,9006,88.43,6220,6084,4531,4475
35009,2013,4.0,1706.0,2,8,24567.0,44.4258,2.772,18.3498,41.4254,6254.51,2688.0,17371.0,4508.0,12303,9006,88.43,6220,6084,4531,4475
35009,2014,6.0,1676.0,2,8,24567.0,44.4258,2.772,18.3498,41.4254,6254.51,2688.0,17371.0,4508.0,12303,9006,88.43,6220,6084,4531,4475
35009,2015,8.0,853.0,2,8,24567.0,44.4258,2.772,18.3498,41.4254,6254.51,2688.0,17371.0,4508.0,12303,9006,88.43,6220,6084,4531,4475
35010,2012,18.0,320.0,5,9,5382.0,46.1459,14.437,20.6243,45.8141,14565.3,581.0,3691.0,1110.0,2708,1952,81.73,1434,1274,1000,952
35010,2013,6.0,331.0,5,9,5382.0,46.1459,14.437,20.6243,45.8141,14565.3,581.0,3691.0,1110.0,2708,1952,81.73,1434,1274,1000,952
35010,2014,0.0,335.0,5,9,5382.0,46.1459,14.437,20.6243,45.8141,14565.3,581.0,3691.0,1110.0,2708,1952,81.73,1434,1274,1000,952
35010,2015,8.0,157.0,5,9,5382.0,46.1459,14.437,20.6243,45.8141,14565.3,581.0,3691.0,1110.0,2708,1952,81.73,1434,1274,1000,952
35011,2012,10.0,2161.0,2,10,31932.0,41.9253,5.5681,13.9985,37.277,3908.81,4201.0,23261.0,4470.0,17270,13106,89.69,8899,8371,6866,6240
35011,2013,6.0,2072.0,2,10,31932.0,41.9253,5.5681,13.9985,37.277,3908.81,4201.0,23261.0,4470.0,17270,13106,89.69,8899,8371,6866,6240
35011,2014,20.0,2123.0,2,10,31932.0,41.9253,5.5681,13.9985,37.277,3908.81,4201.0,23261.0,4470.0,17270,13106,89.69,8899,8371,6866,6240
35011,2015,8.0,1046.0,2,10,31932.0,41.9253,5.5681,13.9985,37.277,3908.81,4201.0,23261.0,4470.0,17270,13106,89.69,8899,8371,6866,6240
35012,2012,550.0,3877.0,2,11,20331.0,43.0194,34.2531,16.5806,41.2562,17142.0,2567.0,14393.0,3371.0,10213,7394,80.72,5471,4742,3918,3476
35012,2013,516.0,4016.0,2,11,20331.0,43.0194,34.2531,16.5806,41.2562,17142.0,2567.0,14393.0,3371.0,10213,7394,80.72,5471,4742,3918,3476
35012,2014,152.0,4069.0,2,11,20331.0,43.0194,34.2531,16.5806,41.2562,17142.0,2567.0,14393.0,3371.0,10213,7394,80.72,5471,4742,3918,3476
35012,2015,28.0,2031.0,2,11,20331.0,43.0194,34.2531,16.5806,41.2562,17142.0,2567.0,14393.0,3371.0,10213,7394,80.72,5471,4742,3918,3476
35013,2012,2.0,561.0,2,12,7870.0,46.0011,2.4905,20.7751,45.9029,3220.46,841.0,5394.0,1635.0,3890,2552,82.22,2049,1840,1348,1204
35013,2013,4.0,550.0,2,12,7870.0,46.0011,2.4905,20.7751,45.9029,3220.46,841.0,5394.0,1635.0,3890,2552,82.22,2049,1840,1348,1204
35013,2014,0.0,568.0,2,12,7870.0,46.0011,2.4905,20.7751,45.9029,3220.46,841.0,5394.0,1635.0,3890,2552,82.22,2049,1840,1348,1204
35013,2015,2.0,283.0,2,12,7870.0,46.0011,2.4905,20.7751,45.9029,3220.46,841.0,5394.0,1635.0,3890,2552,82.22,2049,1840,1348,1204
35014,2012,52.0,2458.0,1,13,27945.0,40.8878,44.2941,11.8733,34.0095,35533.4,3774.0,20853.0,3318.0,13659,9359,75.78,7115,6544,4737,4623
35014,2013,42.0,2555.0,1,13,27945.0,40.8878,44.2941,11.8733,34.0095,35533.4,3774.0,20853.0,3318.0,13659,9359,75.78,7115,6544,4737,4623
35014,2014,36.0,2704.0,1,13,27945.0,40.8878,44.2941,11.8733,34.0095,35533.4,3774.0,20853.0,3318.0,13659,9359,75.78,7115,6544,4737,4623
35014,2015,192.0,1425.0,1,13,27945.0,40.8878,44.2941,11.8733,34.0095,35533.4,3774.0,20853.0,3318.0,13659,9359,75.78,7115,6544,4737,4623
35015,2012,4.0,1915.0,1,14,20751.0,38.9001,34.8754,9.614,32.3574,38493.8,3078.0,15678.0,1995.0,11220,9340,89.26,5932,5288,4928,4412
35015,2013,4.0,1906.0,1,14,20751.0,38.9001,34.8754,9.614,32.3574,38493.8,3078.0,15678.0,1995.0,11220,9340,89.26,5932,5288,4928,4412
35015,2014,0.0,1942.0,1,14,20751.0,38.9001,34.8754,9.614,32.3574,38493.8,3078.0,15678.0,1995.0,11220,9340,89.26,5932,5288,4928,4412
35015,2015,12.0,966.0,1,14,20751.0,38.9001,34.8754,9.614,32.3574,38493.8,3078.0,15678.0,1995.0,11220,9340,89.26,5932,5288,4928,4412
35016,2012,116.0,43428.0,2,15,378797.0,44.8719,7.6186,19.5218,43.7767,10331.6,41387.0,263462.0,73948.0,184037,131597,86.72,91116,92921,64786,66810
35016,2013,122.0,42459.0,2,15,378797.0,44.8719,7.6186,19.5218,43.7767,10331.6,41387.0,263462.0,73948.0,184037,131597,86.72,91116,92921,64786,66810
35016,2014,56.0,41955.0,2,15,378797.0,44.8719,7.6186,19.5218,43.7767,10331.6,41387.0,263462.0,73948.0,184037,131597,86.72,91116,92921,64786,66810
35016,2015,118.0,20820.0,2,15,378797.0,44.8719,7.6186,19.5218,43.7767,10331.6,41387.0,263462.0,73948.0,184037,131597,86.72,91116,92921,64786,66810
35017,2012,14.0,3898.0,1,16,42024.0,39.3157,16.6738,10.6939,34.9432,29077.1,6388.0,31142.0,4494.0,23814,18892,88.6,11926,11888,9356,9537
35017,2013,50.0,3775.0,1,16,42024.0,39.3157,16.6738,10.6939,34.9432,29077.1,6388.0,31142.0,4494.0,23814,18892,88.6,11926,11888,9356,9537
35017,2014,14.0,3875.0,1,16,42024.0,39.3157,16.6738,10.6939,34.9432,29077.1,6388.0,31142.0,4494.0,23814,18892,88.6,11926,11888,9356,9537
35017,2015,24.0,1987.0,1,16,42024.0,39.3157,16.6738,10.6939,34.9432,29077.1,6388.0,31142.0,4494.0,23814,18892,88.6,11926,11888,9356,9537
35018,2012,8.0,1701.0,5,17,18989.0,40.9626,13.5289,12.5862,35.9367,4076.11,2630.0,13969.0,2390.0,10650,8431,86.0,5293,5357,4068,4364
35018,2013,6.0,1677.0,5,17,18989.0,40.9626,13.5289,12.5862,35.9367,4076.11,2630.0,13969.0,2390.0,10650,8431,86.0,5293,5357,4068,4364
35018,2014,2.0,1720.0,5,17,18989.0,40.9626,13.5289,12.5862,35.9367,4076.11,2630.0,13969.0,2390.0,10650,8431,86.0,5293,5357,4068,4364
35018,2015,8.0,884.0,5,17,18989.0,40.9626,13.5289,12.5862,35.9367,4076.11,2630.0,13969.0,2390.0,10650,8431,86.0,5293,5357,4068,4364
35019,2012,12.0,9655.0,2,18,52936.0,43.9571,26.5698,16.8316,38.6703,33241.9,5852.0,38174.0,8910.0,27621,19003,78.76,14997,12624,10192,8811
35019,2013,86.0,9644.0,2,18,52936.0,43.9571,26.5698,16.8316,38.6703,33241.9,5852.0,38174.0,8910.0,27621,19003,78.76,14997,12624,10192,8811
35019,2014,16.0,9607.0,2,18,52936.0,43.9571,26.5698,16.8316,38.6703,33241.9,5852.0,38174.0,8910.0,27621,19003,78.76,14997,12624,10192,8811
35019,2015,28.0,4741.0,2,18,52936.0,43.9571,26.5698,16.8316,38.6703,33241.9,5852.0,38174.0,8910.0,27621,19003,78.76,14997,12624,10192,8811
35020,2012,0.0,385.0,2,19,7536.0,45.328,9.3286,19.2808,40.9916,12370.8,738.0,5345.0,1453.0,3375,2416,87.67,1820,1555,1300,1116
35020,2013,4.0,379.0,2,19,7536.0,45.328,9.3286,19.2808,40.9916,12370.8,738.0,5345.0,1453.0,3375,2416,87.67,1820,1555,1300,1116
35020,2014,2.0,372.0,2,19,7536.0,45.328,9.3286,19.2808,40.9916,12370.8,738.0,5345.0,1453.0,3375,2416,87.67,1820,1555,1300,1116
35020,2015,4.0,179.0,2,19,7536.0,45.328,9.3286,19.2808,40.9916,12370.8,738.0,5345.0,1453.0,3375,2416,87.67,1820,1555,1300,1116
35021,2012,8.0,1311.0,2,20,18341.0,45.3872,4.2146,19.8408,44.4856,2383.19,2008.0,12694.0,3639.0,8971,6248,79.97,4601,4370,3142,3107
35021,2013,18.0,1210.0,2,20,18341.0,45.3872,4.2146,19.8408,44.4856,2383.19,2008.0,12694.0,3639.0,8971,6248,79.97,4601,4370,3142,3107
35021,2014,10.0,1246.0,2,20,18341.0,45.3872,4.2146,19.8408,44.4856,2383.19,2008.0,12694.0,3639.0,8971,6248,79.97,4601,4370,3142,3107
35021,2015,12.0,654.0,2,20,18341.0,45.3872,4.2146,19.8408,44.4856,2383.19,2008.0,12694.0,3639.0,8971,6248,79.97,4601,4370,3142,3107
35022,2012,18.0,4865.0,2,21,74560.0,40.1772,13.1719,11.3358,34.2287,6252.83,10561.0,55547.0,8452.0,40730,30956,89.28,20669,20061,15994,14962
35022,2013,18.0,4803.0,2,21,74560.0,40.1772,13.1719,11.3358,34.2287,6252.83,10561.0,55547.0,8452.0,40730,30956,89.28,20669,20061,15994,14962
35022,2014,18.0,4910.0,2,21,74560.0,40.1772,13.1719,11.3358,34.2287,6252.83,10561.0,55547.0,8452.0,40730,30956,89.28,20669,20061,15994,14962
35022,2015,10.0,2463.0,2,21,74560.0,40.1772,13.1719,11.3358,34.2287,6252.83,10561.0,55547.0,8452.0,40730,30956,89.28,20669,20061,15994,14962
35023,2012,8.0,950.0,2,22,13838.0,45.7013,2.8183,19.8511,43.0432,4261.82,1417.0,9674.0,2747.0,6961,5055,87.49,3501,3461,2499,2556
35023,2013,4.0,934.0,2,22,13838.0,45.7013,2.8183,19.8511,43.0432,4261.82,1417.0,9674.0,2747.0,6961,5055,87.49,3501,3461,2499,2556
35023,2014,2.0,955.0,2,22,13838.0,45.7013,2.8183,19.8511,43.0432,4261.82,1417.0,9674.0,2747.0,6961,5055,87.49,3501,3461,2499,2556
35023,2015,4.0,488.0,2,22,13838.0,45.7013,2.8183,19.8511,43.0432,4261.82,1417.0,9674.0,2747.0,6961,5055,87.49,3501,3461,2499,2556
35024,2012,24.0,2280.0,5,23,23411.0,42.2111,20.4007,13.9763,38.1506,22400.6,3193.0,16946.0,3272.0,12256,9084,80.23,6222,6033,4500,4584
35024,2013,26.0,2383.0,5,23,23411.0,42.2111,20.4007,13.9763,38.1506,22400.6,3193.0,16946.0,3272.0,12256,9084,80.23,6222,6033,4500,4584
35024,2014,28.0,2506.0,5,23,23411.0,42.2111,20.4007,13.9763,38.1506,22400.6,3193.0,16946.0,3272.0,12256,9084,80.23,6222,6033,4500,4584
35024,2015,24.0,1282.0,5,23,23411.0,42.2111,20.4007,13.9763,38.1506,22400.6,3193.0,16946.0,3272.0,12256,9084,80.23,6222,6033,4500,4584
35025,2012,2.0,159.0,2,24,1813.0,52.8508,2.4821,31.3293,57.6522,10386.3,95.0,1150.0,568.0,884,644,84.45,518,366,379,264
35025,2013,2.0,177.0,2,24,1813.0,52.8508,2.4821,31.3293,57.6522,10386.3,95.0,1150.0,568.0,884,644,84.45,518,366,379,264
35025,2014,0.0,162.0,2,24,1813.0,52.8508,2.4821,31.3293,57.6522,10386.3,95.0,1150.0,568.0,884,644,84.45,518,366,379,264
35025,2015,2.0,75.0,2,24,1813.0,52.8508,2.4821,31.3293,57.6522,10386.3,95.0,1150.0,568.0,884,644,84.45,518,366,379,264
35026,2012,52.0,8525.0,2,25,102472.0,42.8124,2.9823,15.4852,38.371,10033.1,12548.0,74056.0,15868.0,54127,39271,88.13,27243,26884,19812,19459
35026,2013,48.0,8306.0,2,25,102472.0,42.8124,2.9823,15.4852,38.371,10033.1,12548.0,74056.0,15868.0,54127,39271,88.13,27243,26884,19812,19459
35026,2014,44.0,8310.0,2,25,102472.0,42.8124,2.9823,15.4852,38.371,10033.1,12548.0,74056.0,15868.0,54127,39271,88.13,27243,26884,19812,19459
35026,2015,60.0,4197.0,2,25,102472.0,42.8124,2.9823,15.4852,38.371,10033.1,12548.0,74056.0,15868.0,54127,39271,88.13,27243,26884,19812,19459
35027,2012,6.0,830.0,2,26,12667.0,44.977,1.9815,17.9601,40.5882,2580.73,1382.0,9010.0,2275.0,6683,4716,85.03,3555,3128,2471,2245
35027,2013,2.0,799.0,2,26,12667.0,44.977,1.9815,17.9601,40.5882,2580.73,1382.0,9010.0,2275.0,6683,4716,85.03,3555,3128,2471,2245
35027,2014,0.0,787.0,2,26,12667.0,44.977,1.9815,17.9601,40.5882,2580.73,1382.0,9010.0,2275.0,6683,4716,85.03,3555,3128,2471,2245
35027,2015,8.0,404.0,2,26,12667.0,44.977,1.9815,17.9601,40.5882,2580.73,1382.0,9010.0,2275.0,6683,4716,85.03,3555,3128,2471,2245
35028,2012,10.0,3623.0,5,27,21083.0,43.0689,38.5524,16.4256,40.7974,6432.05,2646.0,14974.0,3463.0,10339,7515,78.92,5487,4852,3938,3577
35028,2013,10.0,3713.0,5,27,21083.0,43.0689,38.5524,16.4256,40.7974,6432.05,2646.0,14974.0,3463.0,10339,7515,78.92,5487,4852,3938,3577
35028,2014,18.0,3898.0,5,27,21083.0,43.0689,38.5524,16.4256,40.7974,6432.05,2646.0,14974.0,3463.0,10339,7515,78.92,5487,4852,3938,3577
35028,2015,20.0,2001.0,5,27,21083.0,43.0689,38.5524,16.4256,40.7974,6432.05,2646.0,14974.0,3463.0,10339,7515,78.92,5487,4852,3938,3577
35029,2012,26.0,409.0,5,28,6573.0,41.0548,13.0534,13.3729,38.554,13577.9,950.0,4744.0,879.0,3650,2791,84.21,1909,1741,1419,1372
35029,2013,2.0,433.0,5,28,6573.0,41.0548,13.0534,13.3729,38.554,13577.9,950.0,4744.0,879.0,3650,2791,84.21,1909,1741,1419,1372
35029,2014,16.0,449.0,5,28,6573.0,41.0548,13.0534,13.3729,38.554,13577.9,950.0,4744.0,879.0,3650,2791,84.21,1909,1741,1419,1372
35029,2015,6.0,229.0,5,28,6573.0,41.0548,13.0534,13.3729,38.554,13577.9,950.0,4744.0,879.0,3650,2791,84.21,1909,1741,1419,1372
35030,2012,18.0,1030.0,1,29,15572.0,40.0016,18.1287,12.7151,38.5286,27629.8,2351.0,11241.0,1980.0,8370,6687,88.48,4327,4043,3439,3248
35030,2013,22.0,1026.0,1,29,15572.0,40.0016,18.1287,12.7151,38.5286,27629.8,2351.0,11241.0,1980.0,8370,6687,88.48,4327,4043,3439,3248
35030,2014,8.0,1032.0,1,29,15572.0,40.0016,18.1287,12.7151,38.5286,27629.8,2351.0,11241.0,1980.0,8370,6687,88.48,4327,4043,3439,3248
35030,2015,12.0,503.0,1,29,15572.0,40.0016,18.1287,12.7151,38.5286,27629.8,2351.0,11241.0,1980.0,8370,6687,88.48,4327,4043,3439,3248
35031,2012,10.0,736.0,2,30,9490.0,42.4574,4.4152,14.2782,36.0378,3880.13,1159.0,6976.0,1355.0,5174,3720,84.31,2660,2515,1873,1848
35031,2013,4.0,715.0,2,30,9490.0,42.4574,4.4152,14.2782,36.0378,3880.13,1159.0,6976.0,1355.0,5174,3720,84.31,2660,2515,1873,1848
35031,2014,6.0,741.0,2,30,9490.0,42.4574,4.4152,14.2782,36.0378,3880.13,1159.0,6976.0,1355.0,5174,3720,84.31,2660,2515,1873,1848
35031,2015,2.0,357.0,2,30,9490.0,42.4574,4.4152,14.2782,36.0378,3880.13,1159.0,6976.0,1355.0,5174,3720,84.31,2660,2515,1873,1848
35032,2012,0.0,225.0,2,31,3750.0,49.1192,2.1333,25.3067,50.6629,2212.89,312.0,2489.0,949.0,1878,1317,83.87,1055,823,702,615
35032,2013,8.0,214.0,2,31,3750.0,49.1192,2.1333,25.3067,50.6629,2212.89,312.0,2489.0,949.0,1878,1317,83.87,1055,823,702,615
35032,2014,0.0,209.0,2,31,3750.0,49.1192,2.1333,25.3067,50.6629,2212.89,312.0,2489.0,949.0,1878,1317,83.87,1055,823,702,615
35032,2015,0.0,101.0,2,31,3750.0,49.1192,2.1333,25.3067,50.6629,2212.89,312.0,2489.0,949.0,1878,1317,83.87,1055,823,702,615
35033,2012,4.0,526.0,2,32,7682.0,45.9764,3.5147,19.3179,41.3171,3821.39,762.0,5436.0,1484.0,4047,2878,84.21,2155,1892,1510,1368
35033,2013,0.0,528.0,2,32,7682.0,45.9764,3.5147,19.3179,41.3171,3821.39,762.0,5436.0,1484.0,4047,2878,84.21,2155,1892,1510,1368
35033,2014,0.0,542.0,2,32,7682.0,45.9764,3.5147,19.3179,41.3171,3821.39,762.0,5436.0,1484.0,4047,2878,84.21,2155,1892,1510,1368
35033,2015,0.0,278.0,2,32,7682.0,45.9764,3.5147,19.3179,41.3171,3821.39,762.0,5436.0,1484.0,4047,2878,84.21,2155,1892,1510,1368
35034,2012,0.0,1795.0,5,33,16924.0,39.7759,38.0407,11.2089,35.2513,21209.4,2514.0,12513.0,1897.0,9505,7508,84.02,4992,4513,3871,3637
35034,2013,0.0,1883.0,5,33,16924.0,39.7759,38.0407,11.2089,35.2513,21209.4,2514.0,12513.0,1897.0,9505,7508,84.02,4992,4513,3871,3637
35034,2014,0.0,1994.0,5,33,16924.0,39.7759,38.0407,11.2089,35.2513,21209.4,2514.0,12513.0,1897.0,9505,7508,84.02,4992,4513,3871,3637
35034,2015,8.0,999.0,5,33,16924.0,39.7759,38.0407,11.2089,35.2513,21209.4,2514.0,12513.0,1897.0,9505,7508,84.02,4992,4513,3871,3637
38001,2012,38.0,7115.0,6,34,49270.0,40.6597,47.3148,11.9383,33.3424,10595.2,6438.0,36950.0,5882.0,24589,17380,77.45,12694,11895,8806,8575
38001,2013,38.0,7121.0,6,34,49270.0,40.6597,47.3148,11.9383,33.3424,10595.2,6438.0,36950.0,5882.0,24589,17380,77.45,12694,11895,8806,8575
38001,2014,62.0,7387.0,6,34,49270.0,40.6597,47.3148,11.9383,33.3424,10595.2,6438.0,36950.0,5882.0,24589,17380,77.45,12694,11895,8806,8575
38001,2015,76.0,3739.0,6,34,49270.0,40.6597,47.3148,11.9383,33.3424,10595.2,6438.0,36950.0,5882.0,24589,17380,77.45,12694,11895,8806,8575
38002,2012,2.0,64.0,3,35,1085.0,52.8512,5.4378,33.0876,63.1579,2500.41,61.0,665.0,359.0,472,336,84.94,261,211,184,151
38002,2013,4.0,63.0,3,35,1085.0,52.8512,5.4378,33.0876,63.1579,2500.41,61.0,665.0,359.0,472,336,84.94,261,211,184,151
38002,2014,0.0,64.0,3,35,1085.0,52.8512,5.4378,33.0876,63.1579,2500.41,61.0,665.0,359.0,472,336,84.94,261,211,184,151
38002,2015,2.0,33.0,3,35,1085.0,52.8512,5.4378,33.0876,63.1579,2500.41,61.0,665.0,359.0,472,336,84.94,261,211,184,151
38003,2012,0.0,141.0,3,36,2029.0,46.4995,11.6806,21.5377,44.8251,4960.68,191.0,1401.0,437.0,981,771,87.86,530,451,422,348
38003,2013,2.0,131.0,3,36,2029.0,46.4995,11.6806,21.5377,44.8251,4960.68,191.0,1401.0,437.0,981,771,87.86,530,451,422,348
38003,2014,2.0,142.0,3,36,2029.0,46.4995,11.6806,21.5377,44.8251,4960.68,191.0,1401.0,437.0,981,771,87.86,530,451,422,348
38003,2015,12.0,68.0,3,36,2029.0,46.4995,11.6806,21.5377,44.8251,4960.68,191.0,1401.0,437.0,981,771,87.86,530,451,422,348
38004,2012,10.0,583.0,6,37,5623.0,44.4442,4.037,18.3354,44.848,3436.18,710.0,3882.0,1031.0,2950,2173,86.27,1525,1425,1131,1043
38004,2013,0.0,534.0,6,37,5623.0,44.4442,4.037,18.3354,44.848,3436.18,710.0,3882.0,1031.0,2950,2173,86.27,1525,1425,1131,1043
38004,2014,0.0,559.0,6,37,5623.0,44.4442,4.037,18.3354,44.848,3436.18,710.0,3882.0,1031.0,2950,2173,86.27,1525,1425,1131,1043
38004,2015,0.0,311.0,6,37,5623.0,44.4442,4.037,18.3354,44.848,3436.18,710.0,3882.0,1031.0,2950,2173,86.27,1525,1425,1131,1043
38005,2012,16.0,460.0,6,38,8754.0,44.5243,17.9004,18.3802,42.9458,17893.4,1021.0,6124.0,1609.0,4577,3361,85.63,2461,2116,1799,1562
38005,2013,2.0,465.0,6,38,8754.0,44.5243,17.9004,18.3802,42.9458,17893.4,1021.0,6124.0,1609.0,4577,3361,85.63,2461,2116,1799,1562
38005,2014,6.0,466.0,6,38,8754.0,44.5243,17.9004,18.3802,42.9458,17893.4,1021.0,6124.0,1609.0,4577,3361,85.63,2461,2116,1799,1562
38005,2015,10.0,225.0,6,38,8754.0,44.5243,17.9004,18.3802,42.9458,17893.4,1021.0,6124.0,1609.0,4577,3361,85.63,2461,2116,1799,1562
38006,2012,62.0,10650.0,6,39,82982.0,41.6905,38.0444,13.8391,36.4319,8159.85,10675.0,60823.0,11484.0,43232,31827,83.07,22341,20891,16336,15491
38006,2013,6.0,10812.0,6,39,82982.0,41.6905,38.0444,13.8391,36.4319,8159.85,10675.0,60823.0,11484.0,43232,31827,83.07,22341,20891,16336,15491
38006,2014,8.0,10973.0,6,39,82982.0,41.6905,38.0444,13.8391,36.4319,8159.85,10675.0,60823.0,11484.0,43232,31827,83.07,22341,20891,16336,15491
38006,2015,100.0,5546.0,6,39,82982.0,41.6905,38.0444,13.8391,36.4319,8159.85,10675.0,60823.0,11484.0,43232,31827,83.07,22341,20891,16336,15491
38007,2012,2.0,152.0,4,40,1897.0,49.6423,5.5878,28.0443,59.9494,4349.52,179.0,1186.0,532.0,932,621,79.81,503,429,311,310
38007,2013,2.0,131.0,4,40,1897.0,49.6423,5.5878,28.0443,59.9494,4349.52,179.0,1186.0,532.0,932,621,79.81,503,429,311,310
38007,2014,0.0,127.0,4,40,1897.0,49.6423,5.5878,28.0443,59.9494,4349.52,179.0,1186.0,532.0,932,621,79.81,503,429,311,310
38007,2015,0.0,66.0,4,40,1897.0,49.6423,5.5878,28.0443,59.9494,4349.52,179.0,1186.0,532.0,932,621,79.81,503,429,311,310
38008,2012,30.0,586.0,4,41,7199.0,44.6916,6.4314,18.7248,44.5873,3089.34,872.0,4979.0,1348.0,3781,2775,85.49,1902,1879,1380,1394
38008,2013,12.0,612.0,4,41,7199.0,44.6916,6.4314,18.7248,44.5873,3089.34,872.0,4979.0,1348.0,3781,2775,85.49,1902,1879,1380,1394
38008,2014,12.0,608.0,4,41,7199.0,44.6916,6.4314,18.7248,44.5873,3089.34,872.0,4979.0,1348.0,3781,2775,85.49,1902,1879,1380,1394
38008,2015,10.0,308.0,4,41,7199.0,44.6916,6.4314,18.7248,44.5873,3089.34,872.0,4979.0,1348.0,3781,2775,85.49,1902,1879,1380,1394
38009,2012,6.0,554.0,4,42,5885.0,44.2692,9.8726,17.5871,44.0636,1415.88,765.0,4085.0,1035.0,3065,2287,85.74,1562,1503,1150,1137
38009,2013,12.0,537.0,4,42,5885.0,44.2692,9.8726,17.5871,44.0636,1415.88,765.0,4085.0,1035.0,3065,2287,85.74,1562,1503,1150,1137
38009,2014,6.0,527.0,4,42,5885.0,44.2692,9.8726,17.5871,44.0636,1415.88,765.0,4085.0,1035.0,3065,2287,85.74,1562,1503,1150,1137
38009,2015,2.0,260.0,4,42,5885.0,44.2692,9.8726,17.5871,44.0636,1415.88,765.0,4085.0,1035.0,3065,2287,85.74,1562,1503,1150,1137
38010,2012,10.0,310.0,6,43,4753.0,48.196,6.417,25.7311,55.632,6636.41,476.0,3054.0,1223.0,2147,1475,82.45,1121,1026,781,694
38010,2013,2.0,333.0,6,43,4753.0,48.196,6.417,25.7311,55.632,6636.41,476.0,3054.0,1223.0,2147,1475,82.45,1121,1026,781,694
38010,2014,2.0,324.0,6,43,4753.0,48.196,6.417,25.7311,55.632,6636.41,476.0,3054.0,1223.0,2147,1475,82.45,1121,1026,781,694
38010,2015,0.0,168.0,6,43,4753.0,48.196,6.417,25.7311,55.632,6636.41,476.0,3054.0,1223.0,2147,1475,82.45,1121,1026,781,694
38011,2012,24.0,1988.0,6,44,28485.0,43.3182,6.9159,17.0932,43.6098,4948.05,3781.0,19835.0,4869.0,14418,10858,86.46,7053,7365,5300,5558
38011,2013,12.0,2011.0,6,44,28485.0,43.3182,6.9159,17.0932,43.6098,4948.05,3781.0,19835.0,4869.0,14418,10858,86.46,7053,7365,5300,5558
38011,2014,22.0,2107.0,6,44,28485.0,43.3182,6.9159,17.0932,43.6098,4948.05,3781.0,19835.0,4869.0,14418,10858,86.46,7053,7365,5300,5558
38011,2015,6.0,1063.0,6,44,28485.0,43.3182,6.9159,17.0932,43.6098,4948.05,3781.0,19835.0,4869.0,14418,10858,86.46,7053,7365,5300,5558
38012,2012,4.0,94.0,6,45,2849.0,47.8931,7.6518,23.4117,48.9284,4524.91,269.0,1913.0,667.0,1480,1067,85.24,832,648,596,471
38012,2013,2.0,99.0,6,45,2849.0,47.8931,7.6518,23.4117,48.9284,4524.91,269.0,1913.0,667.0,1480,1067,85.24,832,648,596,471
38012,2014,0.0,88.0,6,45,2849.0,47.8931,7.6518,23.4117,48.9284,4524.91,269.0,1913.0,667.0,1480,1067,85.24,832,648,596,471
38012,2015,2.0,47.0,6,45,2849.0,47.8931,7.6518,23.4117,48.9284,4524.91,269.0,1913.0,667.0,1480,1067,85.24,832,648,596,471
38014,2012,4.0,158.0,4,46,1800.0,46.9972,13.8889,24.0,52.027,5590.02,184.0,1184.0,432.0,893,622,81.31,471,422,325,297
38014,2013,0.0,138.0,4,46,1800.0,46.9972,13.8889,24.0,52.027,5590.02,184.0,1184.0,432.0,893,622,81.31,471,422,325,297
38014,2014,2.0,136.0,4,46,1800.0,46.9972,13.8889,24.0,52.027,5590.02,184.0,1184.0,432.0,893,622,81.31,471,422,325,297
38014,2015,0.0,67.0,4,46,1800.0,46.9972,13.8889,24.0,52.027,5590.02,184.0,1184.0,432.0,893,622,81.31,471,422,325,297
38015,2012,10.0,309.0,6,47,4920.0,48.4154,6.4228,25.4472,55.7948,2743.2,510.0,3158.0,1252.0,2145,1493,83.73,1151,994,810,683
38015,2013,4.0,350.0,6,47,4920.0,48.4154,6.4228,25.4472,55.7948,2743.2,510.0,3158.0,1252.0,2145,1493,83.73,1151,994,810,683
38015,2014,4.0,353.0,6,47,4920.0,48.4154,6.4228,25.4472,55.7948,2743.2,510.0,3158.0,1252.0,2145,1493,83.73,1151,994,810,683
38015,2015,8.0,186.0,6,47,4920.0,48.4154,6.4228,25.4472,55.7948,2743.2,510.0,3158.0,1252.0,2145,1493,83.73,1151,994,810,683
38016,2012,2.0,100.0,4,48,1830.0,49.4377,27.6503,28.1421,59.965,10258.4,171.0,1144.0,515.0,679,414,78.03,368,311,216,198
38016,2013,2.0,100.0,4,48,1830.0,49.4377,27.6503,28.1421,59.965,10258.4,171.0,1144.0,515.0,679,414,78.03,368,311,216,198
38016,2014,0.0,102.0,4,48,1830.0,49.4377,27.6503,28.1421,59.965,10258.4,171.0,1144.0,515.0,679,414,78.03,368,311,216,198
38016,2015,12.0,52.0,4,48,1830.0,49.4377,27.6503,28.1421,59.965,10258.4,171.0,1144.0,515.0,679,414,78.03,368,311,216,198
38017,2012,36.0,4186.0,6,49,52447.0,39.9566,24.0338,11.5526,35.5605,16250.4,7699.0,38689.0,6059.0,29330,22478,86.75,14796,14535,11320,11158
38017,2013,2.0,4229.0,6,49,52447.0,39.9566,24.0338,11.5526,35.5605,16250.4,7699.0,38689.0,6059.0,29330,22478,86.75,14796,14535,11320,11158
38017,2014,6.0,4342.0,6,49,52447.0,39.9566,24.0338,11.5526,35.5605,16250.4,7699.0,38689.0,6059.0,29330,22478,86.75,14796,14535,11320,11158
38017,2015,208.0,2197.0,6,49,52447.0,39.9566,24.0338,11.5526,35.5605,16250.4,7699.0,38689.0,6059.0,29330,22478,86.75,14796,14535,11320,11158
38018,2012,100.0,361.0,6,50,5561.0,45.9494,4.9811,22.3701,53.1112,2380.47,685.0,3632.0,1244.0,2605,1826,84.12,1352,1254,981,845
38018,2013,0.0,386.0,6,50,5561.0,45.9494,4.9811,22.3701,53.1112,2380.47,685.0,3632.0,1244.0,2605,1826,84.12,1352,1254,981,845
38018,2014,2.0,394.0,6,50,5561.0,45.9494,4.9811,22.3701,53.1112,2380.47,685.0,3632.0,1244.0,2605,1826,84.12,1352,1254,981,845
38018,2015,0.0,196.0,6,50,5561.0,45.9494,4.9811,22.3701,53.1112,2380.47,685.0,3632.0,1244.0,2605,1826,84.12,1352,1254,981,845
38019,2012,14.0,1648.0,6,51,21711.0,42.1783,22.279,15.932,41.3477,14410.2,2892.0,15360.0,3459.0,10972,8514,86.21,5640,5332,4353,4161
38019,2013,22.0,1726.0,6,51,21711.0,42.1783,22.279,15.932,41.3477,14410.2,2892.0,15360.0,3459.0,10972,8514,86.21,5640,5332,4353,4161
38019,2014,6.0,1710.0,6,51,21711.0,42.1783,22.279,15.932,41.3477,14410.2,2892.0,15360.0,3459.0,10972,8514,86.21,5640,5332,4353,4161
38019,2015,10.0,885.0,6,51,21711.0,42.1783,22.279,15.932,41.3477,14410.2,2892.0,15360.0,3459.0,10972,8514,86.21,5640,5332,4353,4161
38020,2012,12.0,1517.0,6,52,21224.0,43.6064,6.9968,17.8571,44.9232,10288.8,2789.0,14645.0,3790.0,11071,8247,87.83,5600,5471,4196,4051
38020,2013,4.0,1558.0,6,52,21224.0,43.6064,6.9968,17.8571,44.9232,10288.8,2789.0,14645.0,3790.0,11071,8247,87.83,5600,5471,4196,4051
38020,2014,8.0,1615.0,6,52,21224.0,43.6064,6.9968,17.8571,44.9232,10288.8,2789.0,14645.0,3790.0,11071,8247,87.83,5600,5471,4196,4051
38020,2015,6.0,805.0,6,52,21224.0,43.6064,6.9968,17.8571,44.9232,10288.8,2789.0,14645.0,3790.0,11071,8247,87.83,5600,5471,4196,4051
38021,2012,4.0,125.0,3,53,1795.0,50.0933,8.0223,26.4624,50.2092,3915.87,125.0,1195.0,475.0,883,608,83.69,496,387,334,274
38021,2013,0.0,116.0,3,53,1795.0,50.0933,8.0223,26.4624,50.2092,3915.87,125.0,1195.0,475.0,883,608,83.69,496,387,334,274
38021,2014,0.0,123.0,3,53,1795.0,50.0933,8.0223,26.4624,50.2092,3915.87,125.0,1195.0,475.0,883,608,83.69,496,387,334,274
38021,2015,0.0,66.0,3,53,1795.0,50.0933,8.0223,26.4624,50.2092,3915.87,125.0,1195.0,475.0,883,608,83.69,496,387,334,274
38022,2012,18.0,2050.0,6,54,23496.0,45.4947,7.4523,21.1355,48.5866,9585.8,2717.0,15813.0,4966.0,11267,7606,82.91,5867,5401,4045,3561
38022,2013,18.0,2055.0,6,54,23496.0,45.4947,7.4523,21.1355,48.5866,9585.8,2717.0,15813.0,4966.0,11267,7606,82.91,5867,5401,4045,3561
38022,2014,74.0,2076.0,6,54,23496.0,45.4947,7.4523,21.1355,48.5866,9585.8,2717.0,15813.0,4966.0,11267,7606,82.91,5867,5401,4045,3561
38022,2015,4.0,1015.0,6,54,23496.0,45.4947,7.4523,21.1355,48.5866,9585.8,2717.0,15813.0,4966.0,11267,7606,82.91,5867,5401,4045,3561
38023,2012,48.0,14554.0,6,55,157815.0,43.8315,5.7656,17.5928,40.9579,10245.2,18092.0,111959.0,27764.0,81816,59968,87.71,40584,41233,29665,30303
38023,2013,38.0,14161.0,6,55,157815.0,43.8315,5.7656,17.5928,40.9579,10245.2,18092.0,111959.0,27764.0,81816,59968,87.71,40584,41233,29665,30303
38023,2014,80.0,14259.0,6,55,157815.0,43.8315,5.7656,17.5928,40.9579,10245.2,18092.0,111959.0,27764.0,81816,59968,87.71,40584,41233,29665,30303
38023,2015,44.0,7140.0,6,55,157815.0,43.8315,5.7656,17.5928,40.9579,10245.2,18092.0,111959.0,27764.0,81816,59968,87.71,40584,41233,29665,30303
38024,2012,78.0,2749.0,4,56,20551.0,44.4771,11.7707,19.0015,45.083,3560.43,2481.0,14165.0,3905.0,9816,6548,80.39,4886,4931,3150,3398
38024,2013,52.0,2574.0,4,56,20551.0,44.4771,11.7707,19.0015,45.083,3560.43,2481.0,14165.0,3905.0,9816,6548,80.39,4886,4931,3150,3398
38024,2014,24.0,2501.0,4,56,20551.0,44.4771,11.7707,19.0015,45.083,3560.43,2481.0,14165.0,3905.0,9816,6548,80.39,4886,4931,3150,3398
38024,2015,74.0,1229.0,4,56,20551.0,44.4771,11.7707,19.0015,45.083,3560.43,2481.0,14165.0,3905.0,9816,6548,80.39,4886,4931,3150,3398
38025,2012,16.0,588.0,6,57,9054.0,43.0274,5.5776,15.8273,40.6774,1405.07,1185.0,6436.0,1433.0,4745,3409,86.4,2460,2285,1762,1647
38025,2013,2.0,589.0,6,57,9054.0,43.0274,5.5776,15.8273,40.6774,1405.07,1185.0,6436.0,1433.0,4745,3409,86.4,2460,2285,1762,1647
38025,2014,0.0,638.0,6,57,9054.0,43.0274,5.5776,15.8273,40.6774,1405.07,1185.0,6436.0,1433.0,4745,3409,86.4,2460,2285,1762,1647
38025,2015,0.0,354.0,6,57,9054.0,43.0274,5.5776,15.8273,40.6774,1405.07,1185.0,6436.0,1433.0,4745,3409,86.4,2460,2285,1762,1647
38026,2012,24.0,3820.0,6,58,42434.0,43.5373,4.6873,17.8465,43.888,20688.7,5370.0,29491.0,7573.0,21221,15034,84.91,10874,10347,7834,7200
38026,2013,2.0,3731.0,6,58,42434.0,43.5373,4.6873,17.8465,43.888,20688.7,5370.0,29491.0,7573.0,21221,15034,84.91,10874,10347,7834,7200
38026,2014,8.0,3774.0,6,58,42434.0,43.5373,4.6873,17.8465,43.888,20688.7,5370.0,29491.0,7573.0,21221,15034,84.91,10874,10347,7834,7200
38026,2015,16.0,1887.0,6,58,42434.0,43.5373,4.6873,17.8465,43.888,20688.7,5370.0,29491.0,7573.0,21221,15034,84.91,10874,10347,7834,7200
38027,2012,12.0,706.0,4,59,7901.0,45.2793,13.6438,20.5037,47.1596,13594.0,912.0,5369.0,1620.0,3813,2380,77.28,1965,1848,1200,1180
38027,2013,12.0,682.0,4,59,7901.0,45.2793,13.6438,20.5037,47.1596,13594.0,912.0,5369.0,1620.0,3813,2380,77.28,1965,1848,1200,1180
38027,2014,6.0,685.0,4,59,7901.0,45.2793,13.6438,20.5037,47.1596,13594.0,912.0,5369.0,1620.0,3813,2380,77.28,1965,1848,1200,1180
38027,2015,4.0,347.0,4,59,7901.0,45.2793,13.6438,20.5037,47.1596,13594.0,912.0,5369.0,1620.0,3813,2380,77.28,1965,1848,1200,1180
38028,2012,16.0,4950.0,6,60,30349.0,48.2147,17.3021,26.3369,56.3737,882.59,2948.0,19408.0,7993.0,13454,8804,79.64,6793,6661,4496,4308
38028,2013,2.0,4885.0,6,60,30349.0,48.2147,17.3021,26.3369,56.3737,882.59,2948.0,19408.0,7993.0,13454,8804,79.64,6793,6661,4496,4308
38028,2014,0.0,4882.0,6,60,30349.0,48.2147,17.3021,26.3369,56.3737,882.59,2948.0,19408.0,7993.0,13454,8804,79.64,6793,6661,4496,4308
38028,2015,2.0,2403.0,6,60,30349.0,48.2147,17.3021,26.3369,56.3737,882.59,2948.0,19408.0,7993.0,13454,8804,79.64,6793,6661,4496,4308
38029,2012,20.0,132.0,4,61,2293.0,46.3461,28.2163,22.6777,51.6534,3080.58,261.0,1512.0,520.0,981,589,73.3,495,486,286,303
38029,2013,16.0,109.0,4,61,2293.0,46.3461,28.2163,22.6777,51.6534,3080.58,261.0,1512.0,520.0,981,589,73.3,495,486,286,303
38029,2014,10.0,120.0,4,61,2293.0,46.3461,28.2163,22.6777,51.6534,3080.58,261.0,1512.0,520.0,981,589,73.3,495,486,286,303
38029,2015,12.0,64.0,4,61,2293.0,46.3461,28.2163,22.6777,51.6534,3080.58,261.0,1512.0,520.0,981,589,73.3,495,486,286,303
38030,2012,0.0,233.0,4,62,2547.0,46.6743,9.6584,23.832,55.1157,3505.04,298.0,1642.0,607.0,1263,895,81.16,666,597,453,442
38030,2013,2.0,204.0,4,62,2547.0,46.6743,9.6584,23.832,55.1157,3505.04,298.0,1642.0,607.0,1263,895,81.16,666,597,453,442
38030,2014,0.0,183.0,4,62,2547.0,46.6743,9.6584,23.832,55.1157,3505.04,298.0,1642.0,607.0,1263,895,81.16,666,597,453,442
38030,2015,6.0,92.0,4,62,2547.0,46.6743,9.6584,23.832,55.1157,3505.04,298.0,1642.0,607.0,1263,895,81.16,666,597,453,442
38031,2012,6.0,3020.0,6,63,37076.0,44.0378,5.3431,18.1951,43.8169,5646.81,4550.0,25780.0,6746.0,19026,13425,84.88,9713,9314,6919,6506
38031,2013,4.0,2977.0,6,63,37076.0,44.0378,5.3431,18.1951,43.8169,5646.81,4550.0,25780.0,6746.0,19026,13425,84.88,9713,9314,6919,6506
38031,2014,0.0,3077.0,6,63,37076.0,44.0378,5.3431,18.1951,43.8169,5646.81,4550.0,25780.0,6746.0,19026,13425,84.88,9713,9314,6919,6506
38031,2015,4.0,1533.0,6,63,37076.0,44.0378,5.3431,18.1951,43.8169,5646.81,4550.0,25780.0,6746.0,19026,13425,84.88,9713,9314,6919,6506
38032,2012,40.0,1522.0,6,64,17750.0,43.2258,6.0056,15.3915,38.8889,3931.15,2238.0,12780.0,2732.0,9187,6592,81.56,4749,4438,3347,3245
38032,2013,58.0,1556.0,6,64,17750.0,43.2258,6.0056,15.3915,38.8889,3931.15,2238.0,12780.0,2732.0,9187,6592,81.56,4749,4438,3347,3245
38032,2014,12.0,1549.0,6,64,17750.0,43.2258,6.0056,15.3915,38.8889,3931.15,2238.0,12780.0,2732.0,9187,6592,81.56,4749,4438,3347,3245
38032,2015,8.0,812.0,6,64,17750.0,43.2258,6.0056,15.3915,38.8889,3931.15,2238.0,12780.0,2732.0,9187,6592,81.56,4749,4438,3347,3245
38033,2012,8.0,344.0,4,65,4170.0,50.1573,6.4748,28.8969,60.2613,4287.29,363.0,2602.0,1205.0,1956,1341,79.68,1040,916,690,651
38033,2013,0.0,322.0,4,65,4170.0,50.1573,6.4748,28.8969,60.2613,4287.29,363.0,2602.0,1205.0,1956,1341,79.68,1040,916,690,651
38033,2014,4.0,369.0,4,65,4170.0,50.1573,6.4748,28.8969,60.2613,4287.29,363.0,2602.0,1205.0,1956,1341,79.68,1040,916,690,651
38033,2015,4.0,187.0,4,65,4170.0,50.1573,6.4748,28.8969,60.2613,4287.29,363.0,2602.0,1205.0,1956,1341,79.68,1040,916,690,651
38034,2012,4.0,296.0,6,66,4864.0,45.3997,3.8651,20.9293,49.2482,2060.52,587.0,3259.0,1018.0,2423,1762,86.3,1268,1156,930,832
38034,2013,2.0,311.0,6,66,4864.0,45.3997,3.8651,20.9293,49.2482,2060.52,587.0,3259.0,1018.0,2423,1762,86.3,1268,1156,930,832
38034,2014,0.0,304.0,6,66,4864.0,45.3997,3.8651,20.9293,49.2482,2060.52,587.0,3259.0,1018.0,2423,1762,86.3,1268,1156,930,832
38034,2015,2.0,148.0,6,66,4864.0,45.3997,3.8651,20.9293,49.2482,2060.52,587.0,3259.0,1018.0,2423,1762,86.3,1268,1156,930,832
38035,2012,12.0,2190.0,6,67,21915.0,40.4267,35.8567,12.9272,38.764,4203.66,3289.0,15793.0,2833.0,11432,8444,81.61,5793,5639,4210,4234
38035,2013,4.0,2208.0,6,67,21915.0,40.4267,35.8567,12.9272,38.764,4203.66,3289.0,15793.0,2833.0,11432,8444,81.61,5793,5639,4210,4234
38035,2014,4.0,2308.0,6,67,21915.0,40.4267,35.8567,12.9272,38.764,4203.66,3289.0,15793.0,2833.0,11432,8444,81.61,5793,5639,4210,4234
38035,2015,12.0,1213.0,6,67,21915.0,40.4267,35.8567,12.9272,38.764,4203.66,3289.0,15793.0,2833.0,11432,8444,81.61,5793,5639,4210,4234
38036,2012,2.0,1131.0,3,68,9342.0,44.0869,11.0148,18.3044,44.1,11313.4,1149.0,6483.0,1710.0,4723,3699,87.38,2381,2342,1858,1841
38036,2013,0.0,1048.0,3,68,9342.0,44.0869,11.0148,18.3044,44.1,11313.4,1149.0,6483.0,1710.0,4723,3699,87.38,2381,2342,1858,1841
38036,2014,0.0,1018.0,3,68,9342.0,44.0869,11.0148,18.3044,44.1,11313.4,1149.0,6483.0,1710.0,4723,3699,87.38,2381,2342,1858,1841
38036,2015,4.0,496.0,3,68,9342.0,44.0869,11.0148,18.3044,44.1,11313.4,1149.0,6483.0,1710.0,4723,3699,87.38,2381,2342,1858,1841
38037,2012,12.0,1906.0,4,69,15361.0,46.7686,6.5425,22.7459,47.8014,4341.21,1474.0,10393.0,3494.0,7384,5443,87.8,3706,3678,2730,2713
38037,2013,4.0,1812.0,4,69,15361.0,46.7686,6.5425,22.7459,47.8014,4341.21,1474.0,10393.0,3494.0,7384,5443,87.8,3706,3678,2730,2713
38037,2014,4.0,1838.0,4,69,15361.0,46.7686,6.5425,22.7459,47.8014,4341.21,1474.0,10393.0,3494.0,7384,5443,87.8,3706,3678,2730,2713
38037,2015,0.0,921.0,4,69,15361.0,46.7686,6.5425,22.7459,47.8014,4341.21,1474.0,10393.0,3494.0,7384,5443,87.8,3706,3678,2730,2713
38038,2012,52.0,25715.0,6,70,208688.0,45.0029,6.9415,20.0357,45.9336,15044.0,23874.0,143002.0,41812.0,101741,73443,86.97,49806,51935,35571,37872
38038,2013,146.0,24952.0,6,70,208688.0,45.0029,6.9415,20.0357,45.9336,15044.0,23874.0,143002.0,41812.0,101741,73443,86.97,49806,51935,35571,37872
38038,2014,16.0,24861.0,6,70,208688.0,45.0029,6.9415,20.0357,45.9336,15044.0,23874.0,143002.0,41812.0,101741,73443,86.97,49806,51935,35571,37872
38038,2015,120.0,12436.0,6,70,208688.0,45.0029,6.9415,20.0357,45.9336,15044.0,23874.0,143002.0,41812.0,101741,73443,86.97,49806,51935,35571,37872
38039,2012,10.0,1520.0,6,71,15114.0,42.9703,9.0446,15.9918,40.7525,2237.31,1959.0,10738.0,2417.0,7805,5297,82.14,3971,3834,2702,2595
38039,2013,16.0,1489.0,6,71,15114.0,42.9703,9.0446,15.9918,40.7525,2237.31,1959.0,10738.0,2417.0,7805,5297,82.14,3971,3834,2702,2595
38039,2014,36.0,1513.0,6,71,15114.0,42.9703,9.0446,15.9918,40.7525,2237.31,1959.0,10738.0,2417.0,7805,5297,82.14,3971,3834,2702,2595
38039,2015,8.0,758.0,6,71,15114.0,42.9703,9.0446,15.9918,40.7525,2237.31,1959.0,10738.0,2417.0,7805,5297,82.14,3971,3834,2702,2595
38040,2012,6.0,1376.0,6,72,11162.0,43.9375,38.4698,19.2707,46.6947,5198.76,1402.0,7609.0,2151.0,5161,3730,79.75,2658,2503,1902,1828
38040,2013,4.0,1353.0,6,72,11162.0,43.9375,38.4698,19.2707,46.6947,5198.76,1402.0,7609.0,2151.0,5161,3730,79.75,2658,2503,1902,1828
38040,2014,0.0,1422.0,6,72,11162.0,43.9375,38.4698,19.2707,46.6947,5198.76,1402.0,7609.0,2151.0,5161,3730,79.75,2658,2503,1902,1828
38040,2015,0.0,711.0,6,72,11162.0,43.9375,38.4698,19.2707,46.6947,5198.76,1402.0,7609.0,2151.0,5161,3730,79.75,2658,2503,1902,1828
38041,2012,6.0,622.0,6,73,9005.0,44.046,6.1966,17.3237,41.9675,1820.11,1102.0,6343.0,1560.0,4514,3232,84.44,2293,2221,1635,1597
38041,2013,6.0,597.0,6,73,9005.0,44.046,6.1966,17.3237,41.9675,1820.11,1102.0,6343.0,1560.0,4514,3232,84.44,2293,2221,1635,1597
38041,2014,2.0,625.0,6,73,9005.0,44.046,6.1966,17.3237,41.9675,1820.11,1102.0,6343.0,1560.0,4514,3232,84.44,2293,2221,1635,1597
38041,2015,14.0,325.0,6,73,9005.0,44.046,6.1966,17.3237,41.9675,1820.11,1102.0,6343.0,1560.0,4514,3232,84.44,2293,2221,1635,1597
38042,2012,4.0,259.0,6,74,4644.0,47.8727,7.7519,25.1938,56.2059,2449.68,501.0,2973.0,1170.0,2064,1396,83.18,1112,953,754,642
38042,2013,4.0,268.0,6,74,4644.0,47.8727,7.7519,25.1938,56.2059,2449.68,501.0,2973.0,1170.0,2064,1396,83.18,1112,953,754,642
38042,2014,6.0,291.0,6,74,4644.0,47.8727,7.7519,25.1938,56.2059,2449.68,501.0,2973.0,1170.0,2064,1396,83.18,1112,953,754,642
38042,2015,0.0,149.0,6,74,4644.0,47.8727,7.7519,25.1938,56.2059,2449.68,501.0,2973.0,1170.0,2064,1396,83.18,1112,953,754,642
38043,2012,12.0,1933.0,6,75,24592.0,43.6175,4.0054,17.282,43.1265,2999.64,3160.0,17182.0,4250.0,12387,8902,86.17,6334,6054,4553,4349
38043,2013,8.0,1926.0,6,75,24592.0,43.6175,4.0054,17.282,43.1265,2999.64,3160.0,17182.0,4250.0,12387,8902,86.17,6334,6054,4553,4349
38043,2014,0.0,1924.0,6,75,24592.0,43.6175,4.0054,17.282,43.1265,2999.64,3160.0,17182.0,4250.0,12387,8902,86.17,6334,6054,4553,4349
38043,2015,6.0,953.0,6,75,24592.0,43.6175,4.0054,17.282,43.1265,2999.64,3160.0,17182.0,4250.0,12387,8902,86.17,6334,6054,4553,4349
38044,2012,6.0,161.0,6,76,2813.0,44.8708,7.8919,20.3342,48.2086,2606.48,343.0,1898.0,572.0,1309,936,87.1,687,622,488,447
38044,2013,0.0,160.0,6,76,2813.0,44.8708,7.8919,20.3342,48.2086,2606.48,343.0,1898.0,572.0,1309,936,87.1,687,622,488,447
38044,2014,0.0,163.0,6,76,2813.0,44.8708,7.8919,20.3342,48.2086,2606.48,343.0,1898.0,572.0,1309,936,87.1,687,622,488,447
38044,2015,0.0,79.0,6,76,2813.0,44.8708,7.8919,20.3342,48.2086,2606.48,343.0,1898.0,572.0,1309,936,87.1,687,622,488,447
38045,2012,0.0,341.0,4,77,4502.0,47.2148,13.5273,23.9449,50.2169,1156.38,427.0,2997.0,1078.0,2110,1348,82.4,1147,963,731,618
38045,2013,6.0,322.0,4,77,4502.0,47.2148,13.5273,23.9449,50.2169,1156.38,427.0,2997.0,1078.0,2110,1348,82.4,1147,963,731,618
38045,2014,0.0,314.0,4,77,4502.0,47.2148,13.5273,23.9449,50.2169,1156.38,427.0,2997.0,1078.0,2110,1348,82.4,1147,963,731,618
38045,2015,8.0,157.0,4,77,4502.0,47.2148,13.5273,23.9449,50.2169,1156.38,427.0,2997.0,1078.0,2110,1348,82.4,1147,963,731,618
38046,2012,4.0,864.0,6,78,11359.0,44.1808,2.7115,18.1442,44.0583,2644.48,1413.0,7885.0,2061.0,5947,4418,84.79,3007,2940,2203,2214
38046,2013,8.0,887.0,6,78,11359.0,44.1808,2.7115,18.1442,44.0583,2644.48,1413.0,7885.0,2061.0,5947,4418,84.79,3007,2940,2203,2214
38046,2014,2.0,896.0,6,78,11359.0,44.1808,2.7115,18.1442,44.0583,2644.48,1413.0,7885.0,2061.0,5947,4418,84.79,3007,2940,2203,2214
38046,2015,2.0,427.0,6,78,11359.0,44.1808,2.7115,18.1442,44.0583,2644.48,1413.0,7885.0,2061.0,5947,4418,84.79,3007,2940,2203,2214
38047,2012,2.0,202.0,4,79,2598.0,49.0778,23.2102,25.4811,51.4869,5354.89,221.0,1715.0,662.0,1134,715,72.78,623,511,362,352
38047,2013,10.0,192.0,4,79,2598.0,49.0778,23.2102,25.4811,51.4869,5354.89,221.0,1715.0,662.0,1134,715,72.78,623,511,362,352
38047,2014,12.0,212.0,4,79,2598.0,49.0778,23.2102,25.4811,51.4869,5354.89,221.0,1715.0,662.0,1134,715,72.78,623,511,362,352
38047,2015,18.0,112.0,4,79,2598.0,49.0778,23.2102,25.4811,51.4869,5354.89,221.0,1715.0,662.0,1134,715,72.78,623,511,362,352
38048,2012,6.0,497.0,0,80,5123.0,46.5851,9.5257,22.7601,51.2548,10368.5,570.0,3387.0,1166.0,2466,1842,86.1,1243,1223,896,946
38048,2013,18.0,484.0,0,80,5123.0,46.5851,9.5257,22.7601,51.2548,10368.5,570.0,3387.0,1166.0,2466,1842,86.1,1243,1223,896,946
38048,2014,10.0,470.0,0,80,5123.0,46.5851,9.5257,22.7601,51.2548,10368.5,570.0,3387.0,1166.0,2466,1842,86.1,1243,1223,896,946
38048,2015,12.0,242.0,0,80,5123.0,46.5851,9.5257,22.7601,51.2548,10368.5,570.0,3387.0,1166.0,2466,1842,86.1,1243,1223,896,946
38049,2012,0.0,650.0,3,81,4674.0,47.9213,33.8682,22.3577,45.6075,3220.82,419.0,3210.0,1045.0,1981,1319,76.4,1018,963,650,669
38049,2013,2.0,605.0,3,81,4674.0,47.9213,33.8682,22.3577,45.6075,3220.82,419.0,3210.0,1045.0,1981,1319,76.4,1018,963,650,669
38049,2014,2.0,613.0,3,81,4674.0,47.9213,33.8682,22.3577,45.6075,3220.82,419.0,3210.0,1045.0,1981,1319,76.4,1018,963,650,669
38049,2015,0.0,304.0,3,81,4674.0,47.9213,33.8682,22.3577,45.6075,3220.82,419.0,3210.0,1045.0,1981,1319,76.4,1018,963,650,669
38050,2012,12.0,202.0,3,82,2873.0,52.5595,10.7553,31.6742,61.3139,10854.2,182.0,1781.0,910.0,1193,820,83.97,676,517,465,354
38050,2013,14.0,188.0,3,82,2873.0,52.5595,10.7553,31.6742,61.3139,10854.2,182.0,1781.0,910.0,1193,820,83.97,676,517,465,354
38050,2014,8.0,195.0,3,82,2873.0,52.5595,10.7553,31.6742,61.3139,10854.2,182.0,1781.0,910.0,1193,820,83.97,676,517,465,354
38050,2015,2.0,97.0,3,82,2873.0,52.5595,10.7553,31.6742,61.3139,10854.2,182.0,1781.0,910.0,1193,820,83.97,676,517,465,354
38051,2012,22.0,565.0,6,83,9170.0,44.0038,4.3402,18.1461,44.3867,1808.63,1155.0,6351.0,1664.0,4695,3273,86.18,2440,2255,1730,1543
38051,2013,6.0,575.0,6,83,9170.0,44.0038,4.3402,18.1461,44.3867,1808.63,1155.0,6351.0,1664.0,4695,3273,86.18,2440,2255,1730,1543
38051,2014,2.0,639.0,6,83,9170.0,44.0038,4.3402,18.1461,44.3867,1808.63,1155.0,6351.0,1664.0,4695,3273,86.18,2440,2255,1730,1543
38051,2015,0.0,318.0,6,83,9170.0,44.0038,4.3402,18.1461,44.3867,1808.63,1155.0,6351.0,1664.0,4695,3273,86.18,2440,2255,1730,1543
38052,2012,4.0,208.0,6,84,1767.0,46.9663,13.1296,22.9202,48.8627,5627.11,175.0,1187.0,405.0,935,663,81.49,493,442,349,314
38052,2013,8.0,206.0,6,84,1767.0,46.9663,13.1296,22.9202,48.8627,5627.11,175.0,1187.0,405.0,935,663,81.49,493,442,349,314
38052,2014,4.0,201.0,6,84,1767.0,46.9663,13.1296,22.9202,48.8627,5627.11,175.0,1187.0,405.0,935,663,81.49,493,442,349,314
38052,2015,0.0,112.0,6,84,1767.0,46.9663,13.1296,22.9202,48.8627,5627.11,175.0,1187.0,405.0,935,663,81.49,493,442,349,314
38053,2012,14.0,325.0,4,85,4905.0,46.1436,9.3986,20.5097,45.8519,7067.2,536.0,3363.0,1006.0,2495,1742,83.61,1304,1191,901,842
38053,2013,4.0,319.0,4,85,4905.0,46.1436,9.3986,20.5097,45.8519,7067.2,536.0,3363.0,1006.0,2495,1742,83.61,1304,1191,901,842
38053,2014,2.0,313.0,4,85,4905.0,46.1436,9.3986,20.5097,45.8519,7067.2,536.0,3363.0,1006.0,2495,1742,83.61,1304,1191,901,842
38053,2015,0.0,167.0,4,85,4905.0,46.1436,9.3986,20.5097,45.8519,7067.2,536.0,3363.0,1006.0,2495,1742,83.61,1304,1191,901,842
38901,2012,6.0,44.0,0,86,1971.0,48.4696,13.9016,24.9112,51.3825,8273.68,178.0,1302.0,491.0,866,619,82.85,473,393,335,283
38901,2013,4.0,52.0,0,86,1971.0,48.4696,13.9016,24.9112,51.3825,8273.68,178.0,1302.0,491.0,866,619,82.85,473,393,335,283
38901,2014,0.0,58.0,0,86,1971.0,48.4696,13.9016,24.9112,51.3825,8273.68,178.0,1302.0,491.0,866,619,82.85,473,393,335,283
38901,2015,4.0,34.0,0,86,1971.0,48.4696,13.9016,24.9112,51.3825,8273.68,178.0,1302.0,491.0,866,619,82.85,473,393,335,283
